FirstName,Phone,Notes
John Smith,+1-555-0101,Follow up on software demo and pricing discussion with Tech Solutions Inc
Sarah Johnson,+1-555-0102,Schedule consultation for digital marketing campaign with Marketing Pro LLC
Michael Brown,+1-555-0103,Discuss contract renewal and service upgrades with Brown Enterprises
Emily Davis,+1-555-0104,Present new design concepts and get feedback for Creative Agency
David Wilson,+1-555-0105,Technical support call for integration issues at Wilson Tech Startup
Lisa Anderson,+1-555-0106,Quarterly business review meeting with Anderson Corporation
James Miller,+1-555-0107,Legal consultation for contract terms with Miller & Associates
Jennifer Garcia,+1-555-0108,Strategic planning session for Q2 goals at Garcia Consulting
Robert Martinez,+1-555-0109,Product demonstration and technical training for Martinez Industries
Michelle Taylor,+1-555-0110,Customer onboarding and account setup for Taylor Solutions
Christopher Lee,+1-555-0111,Investment pitch presentation meeting at Lee Innovations
Amanda White,+1-555-0112,Website redesign project kickoff meeting with White Enterprises
Daniel Jackson,+1-555-0113,Content strategy and social media planning for Jackson Media
Jessica Thompson,+1-555-0114,Business process optimization review at Thompson Consulting
Matthew Harris,+1-555-0115,Sales training and team development session for Harris Corporation
